{"cameraMode":{"drawMode":0,"name":"Shaded","section":"Shading Mode"},"sceneLighting":true,"audioPlay":false,"sceneViewState":{"m_AlwaysRefresh":false,"showFog":true,"showSkybox":true,"showFlares":true,"showImageEffects":true,"showParticleSystems":true,"showVisualEffectGraphs":true,"m_FxEnabled":true},"in2DMode":false,"pivot":{"x":99.12954711914063,"y":44.343406677246097,"z":15.454063415527344},"rotation":{"x":-0.06908691674470902,"y":0.06937418878078461,"z":-0.004815907217562199,"w":-0.9951850175857544},"size":158.12966918945313,"orthographic":false}